ID,name,age
11068929-1267-44be-85dd-35997eda1846,name-11068929,24
11068930-59ec-454b-988b-f9e8e892c3ad,name-11068930,79
11068931-5b12-4693-92c9-cd9ef8d7499e,name-11068931,75
11068932-1f94-452f-8543-270e8b060da1,name-11068932,34
11068933-d49d-4d26-af4c-a90f606ec438,name-11068933,46
11068934-899e-4698-beee-d66b71de271d,name-11068934,69
11068935-5e86-462c-8340-b99d702290bb,name-11068935,60
11068936-1703-49f2-867c-cda02d768c53,name-11068936,65
11068937-07db-48c5-98c8-16e9b8fc437e,name-11068937,60
11068938-05d7-4310-8caa-6591e560454a,name-11068938,12